Cluster,ClusterCenter_Charge_uC,ClusterCenter_Freq_Hz,RunIDs,RejectedRuns,AcceptedRuns
0,15.603985183878347,6.753501041782121,"86, 87, 88, 89, 90","86, 87, 88","89, 90"
1,8.187133590948575,11.106824778896133,"20, 19, 18, 17, 16, 15","20, 19, 18, 17, 16, 15",
2,14.184193729809927,9.095454013283952,"85, 84, 100, 99, 98, 97, 96, 110, 83","85, 84, 83","100, 99, 98, 97, 96, 110"
