Cluster,ClusterCenter_uC,RunIDs,RejectedRuns,AcceptedRuns
0,6.513159353239075,"146, 8, 104, 7, 149, 61, 86, 44, 126, 164, 127","146, 8, 104, 7, 149, 61, 86, 44, 126, 164, 127",
1,5.287375525507435,"101, 144, 147, 64, 85, 165","101, 144, 147, 64, 85, 165",
2,5.914378497185321,"45, 62, 102","45, 62, 102",
