Cluster,ClusterCenter_Charge_uC,ClusterCenter_Freq_Hz,RunIDs,RejectedRuns,AcceptedRuns
0,6.48504305913629,2.804243349022762,"8, 7, 44, 164, 104, 146, 86, 126, 149","8, 7, 44, 164, 104, 146, 86, 126, 149",
1,7.353271591935006,2.4529055474846087,"14, 48, 43, 3, 26, 1","14, 48, 43, 3, 26, 1",
2,5.562933779781039,3.1174583157763,"144, 45, 62, 147, 64","144, 45, 62, 147, 64",
