Cluster,ClusterCenter_Charge_uC,ClusterCenter_Freq_Hz,RunIDs,RejectedRuns,AcceptedRuns
0,7.757259071638654,5.838594662455447,"15, 30, 29, 28, 14, 27",14,"15, 30, 29, 28, 27"
1,7.125229387438274,4.555202554096739,"20, 19, 18, 17, 16",16,"20, 19, 18, 17"
2,8.115210275801493,7.059227612733342,"40, 26, 39, 13, 38, 25, 37, 50, 60","26, 13","40, 39, 38, 25, 37, 50, 60"
