Cluster,ClusterCenter_uC,RunIDs,RejectedRuns,AcceptedRuns
0,5.897697105276898,"1575, 1113, 1264, 1510, 2224, 2213","1575, 1113, 1264, 1510, 2224, 2213",
1,6.0756946220564165,"638, 453, 852, 1064, 1795, 1301, 231, 1532","638, 453, 852, 1064, 1795, 1301, 231, 1532",
2,5.996769160791175,"1344, 1055, 1063, 641, 620, 854","1344, 1055, 1063, 641, 620, 854",
