Cluster,ClusterCenter_Charge_uC,ClusterCenter_Freq_Hz,RunIDs,RejectedRuns,AcceptedRuns
0,6.869363932885669,2.0588168973415937,"609, 241, 648, 312, 333, 440, 344","609, 241, 648, 312, 333, 440, 344",
1,5.2861915327092275,1.8880368654894912,"240, 251, 261","240, 251, 261",
2,6.245443866037268,2.3538545240315574,"242, 620, 231, 248, 1055, 1473, 1472, 855, 638, 1681","242, 620, 231, 248, 1055, 1473, 1472, 855, 638, 1681",
