Cluster,ClusterCenter_Charge_uC,ClusterCenter_Freq_Hz,RunIDs,RejectedRuns,AcceptedRuns
0,12.375532565397718,13.989059702213973,"301, 311, 321, 331, 341, 351, 361, 371","301, 311, 321, 331, 341, 351, 361, 371",
1,15.854361138803714,11.594908172657743,"221, 211, 201, 191, 181","221, 211, 201, 191, 181",
2,14.067334131740411,12.670487521975735,"281, 271, 261, 251, 291, 241, 231","281, 271, 261, 251, 291, 241, 231",
